Instagram visit score,Spending_rank(0 to 100)
63,24.05070845
61,25.22329005
104,18.52824526
82,86.89023241
14,31.49239692
74,81.19531414
83,88.11972945
71,87.4683564
42,80.829564
79,25.96662164
94,24.46567368
